{"INCOME_MULTIPLIER": 2, "ROLLING_PRICE": 2, "INCOME_PERIOD_MINUTES": 1, "RARITY_DISTRIBUTION": [0.5, 0.25, 0.13, 0.07, 0.05], "SLOT_DISTRIBUTION": {"head": 0.2, "weapon": 0.1, "trinket": 0.35, "body": 0.15, "boots": 0.2}, "QUALITY_MULTIPLIER": {"shitty": 0.7, "bad": 0.85, "normal": 1, "good": 1.2, "divine": 1.4}, "QUALITY_DISTRIBUITION": {"shitty": 0.35, "bad": 0.25, "normal": 0.25, "good": 0.1, "divine": 0.05}, "POWER_DISTRIBUTION": {"head": [7, 8, 9, 10, 12], "weapon": [11, 12, 13, 14, 16], "trinket": [5, 6, 7, 8, 10], "body": [9, 10, 11, 12, 14], "boots": [7, 8, 9, 10, 12]}, "CHARACTER": {"head": 12, "weapon": 14.399999999999999, "trinket": 11.2, "body": 16.799999999999997, "boots": 12}, "INITIAL_BALANCE": 1000, "comments": {"INCOME_MULTIPLIER": "\u041c\u043d\u043e\u0436\u0438\u0442\u0435\u043b\u044c, \u043d\u0430 \u043a\u043e\u0442\u043e\u0440\u044b\u0439 \u0443\u043c\u043d\u043e\u0436\u0430\u0435\u0442\u0441\u044f \u043e\u0431\u0449\u0430\u044f \u043c\u043e\u0449\u044c \u043f\u0435\u0440\u0441\u043e\u043d\u0430\u0436\u0430 \u0434\u043b\u044f \u0432\u044b\u0447\u0438\u0441\u043b\u0435\u043d\u0438\u044f \u0434\u043e\u0445\u043e\u0434\u0430 \u0438\u0433\u0440\u043e\u043a\u0430 (INCOME_MULTIPLIER*character.power)", "ROLLING_PRICE": "\u0426\u0435\u043d\u0430 \u0440\u043e\u043b\u043b\u0430 \u043f\u0440\u0435\u0434\u043c\u0435\u0442\u0430", "INCOME_PERIOD_MINUTES": "\u041f\u0435\u0440\u0438\u043e\u0434\u0438\u0447\u043d\u043e\u0441\u0442\u044c \u0432 \u043c\u0438\u043d\u0443\u0442\u0430\u0445, \u0441 \u043a\u043e\u0442\u043e\u0440\u043e\u0439 \u0432\u044b\u043f\u043b\u0430\u0447\u0438\u0432\u0430\u0435\u0442\u0441\u044f \u0434\u043e\u0445\u043e\u0434 \u0438\u0433\u0440\u043e\u043a\u0443", "RARITY_DISTRIBUTION": "\u0412\u0435\u0440\u043e\u044f\u0442\u043d\u043e\u0441\u0442\u0438 \u0432\u044b\u043f\u0430\u0434\u0435\u043d\u0438\u044f \u043f\u0440\u0435\u0434\u043c\u0435\u0442\u0430 \u0432 \u0437\u0430\u0432\u0438\u0441\u0438\u043c\u043e\u0441\u0442\u0438 \u043e\u0442 \u0435\u0433\u043e \u0440\u0435\u0434\u043a\u043e\u0441\u0442\u0438, list(prob)", "SLOT_DISTRIBUTION": "\u0412\u0435\u0440\u043e\u044f\u0442\u043d\u043e\u0441\u0442\u044c \u0432\u044b\u043f\u0430\u0434\u0435\u043d\u0438\u044f \u0441\u043b\u043e\u0442\u0430, dict(slot:prob)", "QUALITY_MULTIPLIER": "\u041c\u043d\u043e\u0436\u0438\u0442\u0435\u043b\u044c \u043a\u0430\u0447\u0435\u0441\u0442\u0432\u0430 \u043f\u0440\u0435\u0434\u043c\u0435\u0442\u0430, dict(quality:mult)", "QUALITY_DISTRIBUITION": "\u0412\u0435\u0440\u043e\u044f\u0442\u043d\u043e\u0441\u0442\u044c \u0432\u044b\u043f\u0430\u0434\u0435\u043d\u0438\u044f \u043a\u0430\u0447\u0435\u0441\u0442\u0432\u0430 \u043f\u0440\u0435\u0434\u043c\u0435\u0442\u0430, dict(quality:prob)", "POWER": "\u041d\u0435\u0442 \u0432 \u0444\u0430\u0439\u043b\u0435, \u0437\u0434\u0435\u0441\u044c \u0442\u043e\u043b\u044c\u043a\u043e \u043f\u043e\u044f\u0441\u043d\u0435\u043d\u0438\u0435 \u043f\u043e \u0444\u043e\u0440\u043c\u0443\u043b\u0435. \u0421\u0438\u043b\u0430 \u043f\u0440\u0435\u0434\u043c\u0435\u0442\u0430 \u0432\u044b\u0447\u0438\u0441\u043b\u044f\u0435\u0442\u0441\u044f \u043a\u0430\u043a QUALITY_MULTIPLIER*ITEM_POWER ", "POWER_DISTRIBUTION": "\u0421\u0438\u043b\u0430 \u043f\u0440\u0435\u0434\u043c\u0435\u0442\u0430, \u0432 \u0437\u0430\u0432\u0438\u0441\u0438\u043c\u043e\u0441\u0442\u0438 \u043e\u0442 \u0435\u0433\u043e \u0441\u043b\u043e\u0442\u0430 \u0438 \u0440\u0435\u0434\u043a\u043e\u0441\u0442\u0438, dict(slot:list(power))", "CHARACTER": "\u041d\u0430\u0447\u0430\u043b\u044c\u043d\u0430\u044f \u0441\u0438\u043b\u0430 \u043f\u0435\u0440\u0441\u043e\u043d\u0430\u0436\u0430", "INITIAL_BALANCE": "\u041d\u0430\u0447\u0430\u043b\u044c\u043d\u043e\u0435 \u043a\u043e\u043b\u0438\u0447\u0435\u0441\u0442\u0432\u043e \u0434\u0435\u043d\u0435\u0433 \u043f\u0435\u0440\u0441\u043e\u043d\u0430\u0436\u0430"}}